,STATION,MAE,MSE,MAPE,MDAPE,RMSE,R2,CORR
0,8.0,18.813501045800844,843.1297958173137,0.49853665914354955,24.43770459054298,29.036697398590523,0.80675334369922,0.901800090353067
1,9.0,14.263523534036507,501.960154640568,0.3458695388685163,17.583464927491377,22.404467292050665,0.8908152336487852,0.9576541159401779
2,10.0,12.605638365357748,370.88802825070917,0.344022510900704,16.534100830606587,19.258453423125886,0.9168263277950026,0.967555237124364
3,11.0,16.333032543600137,668.9921958560177,0.324359546028342,19.110409416953875,25.86488344949611,0.8628562664460997,0.9524084271803915
4,9.5,15.503923872198808,596.2425436411521,0.37819706373527795,19.416419941398704,24.141125390815795,0.8693127928972769,0.9448544676495001
