,STATION,MAE,MSE,MAPE,MDAPE,RMSE,R2,CORR
0,1.0,21.320337160414617,1008.469321341125,0.7461674778103836,33.640110246528806,31.756405989046133,0.7360807783454346,0.8904917432805758
1,2.0,26.145008595184557,1575.8227573692516,1.0618092134075738,46.61202176055702,39.69663408110632,0.592452575337574,0.8281930922927632
2,6.0,23.44970222215015,1169.256922683136,0.8766907155434415,44.355478669053625,34.194398995787836,0.6754761827542901,0.8781913716860341
3,8.0,19.262042329756643,843.2617072387118,0.64763645972284,28.862815059976555,29.038968770235485,0.806723109396934,0.9035032130965616
4,4.25,22.54427257687649,1149.202677158056,0.8330759666210598,38.367606434029,33.67160195904394,0.7026831614585582,0.8750948550889837
