{"min": [-10.001502622361071, -11.451857501034953, 244.98064728137564, 9.724070939571249, 86504.16022185303], "max": [8.42295372385708, 7.7573688240388305, 315.4653427975049, 5241.518431809611, 104555.5694619953]}