{"min": [0.017235004343023774, 1.4378696245284855e-07, 6.971926642158175e-07, 4.916909333521158e-07, 1.0282555711032946e-08, 9999999], "max": [6.789199173722203, 3.844645571466006e-05, 0.001497707599910817, 0.00019522366592611615, 8.35840597982425e-05, -9999999]}