,STATION,MAE,MSE,MAPE,MDAPE,RMSE,R2,CORR
0,0.0,4.198719346415758,60.67930016568854,3337.402499983037,31.8502844992667,7.789691917251191,0.3737960548716046,0.6151480378121715
1,1.0,4.5649415243341345,77.3495065447005,7783.552872869985,29.546911670284143,8.794856823433825,0.3206577217760255,0.5968595805192604
2,2.0,4.790904821813658,42.4274457868995,3518.3315720315686,47.01564590648566,6.513635374113253,0.40808236914003937,0.6514760115500586
3,4.0,4.1962831159093685,31.503979366855976,7508.211832399961,44.488802499763196,5.612840579141365,0.48890580442986575,0.7426939070171401
4,5.0,4.033864482613903,35.26120967650279,6016.1818478701625,40.29466809006881,5.938114993539851,0.5071583834021149,0.7234565447284428
5,16.0,4.320393238905753,36.253937412525595,5783.885527621599,42.51446521868202,6.021124264830082,0.4532042972178777,0.6783108086952336
6,4.666666666666667,4.350851088332096,47.24589649219548,5657.927692129386,39.28512964742509,6.778377325384928,0.4253007718062547,0.6679908150537178
