,STATION,MAE,MSE,MAPE,MDAPE,RMSE,R2,CORR
0,12.0,6.551818460905125,70.18397212319718,6534.09324830013,70.187325832668,8.377587488244881,-0.1976999978590812,0.47819772769641317
1,13.0,5.4357850201203926,53.69725836063143,1.0918903941821243,40.22304035930666,7.327841316556427,0.17813285136455614,0.5735362662477254
2,14.0,7.834041873650805,83.00034441257613,34885.5227043696,147.57080016019563,9.110452481220465,-0.11201797406939895,0.6923707940561492
3,15.0,6.1150207724665,62.10341992876599,16369.689799610784,53.465837379055195,7.880572309722561,0.2066251615457153,0.6178996361938847
4,13.5,6.484166531785705,67.24624870629268,14447.599410668674,77.86175093280636,8.174113398936083,0.018760010245447822,0.5905011060485431
