,STATION,MAE,MSE,MAPE,MDAPE,RMSE,R2,CORR
0,0.0,4.779302181269355,61.33483945605434,6662.094878185632,39.949201096963705,7.831656239650355,0.36703095888841364,0.6301279055161932
1,1.0,4.485372608775592,69.97239923745299,10575.278800533692,28.521956927866,8.364950641662686,0.38544909677868366,0.6270535684024724
2,2.0,5.720073149356535,53.39712415396129,4687.237812081705,58.54693301767869,7.307333587154845,0.25504119708975537,0.6301513504878201
3,4.0,5.175200321638311,40.39512741764846,12828.562766621206,62.16948592432148,6.35571612154354,0.34466325945487986,0.7576959349957098
4,5.0,5.094195572585569,42.42227026728217,7508.403913925295,61.654169318155674,6.513238078504591,0.4070691150391258,0.7669435776128982
5,16.0,5.2586112709408095,41.46856015132044,8609.211120488042,63.206675869955895,6.4396086955125185,0.37455536944050916,0.760737502608879
6,4.666666666666667,5.085459184094362,51.498386780619946,8478.464881972594,52.34140369249024,7.135417227338089,0.35563483278189456,0.6954516399373288
