,STATION,MAE,MSE,MAPE,MDAPE,RMSE,R2,CORR
0,8.0,21.389168507706675,856.4264062257266,0.8203899863865866,33.95825882761062,29.264763901759512,0.8037057399799503,0.9023681531710097
1,9.0,15.630972554206116,477.33764953048626,0.5843040286504481,20.54084008218911,21.848058255380185,0.896171042157831,0.9573511347367231
2,10.0,15.114011635952263,394.0878208076788,0.647602508689118,21.499796225496993,19.851645292208875,0.9116236472165588,0.9666914861602758
3,11.0,16.879518771059878,601.543529124394,0.5327421043994406,20.59999652817202,24.52638434674777,0.8766832767402503,0.9510344526443217
4,9.5,17.25341786723123,582.3488514220714,0.6462596570313982,24.149722915867187,23.872712949024084,0.8720459265236475,0.9443613066780827
