,STATION,MAE,MSE,MAPE,MDAPE,RMSE,R2,CORR
0,8.0,18.79359026882929,823.6432169493389,0.5613485002822803,26.445985122404302,28.69918495270099,0.8114140323776645,0.9024922769681899
1,9.0,13.226508193265788,395.41836910152523,0.39793560747060364,17.69151630552038,19.88512934585856,0.9140772916129799,0.9564119121763803
2,10.0,12.097212748369301,305.98891240606383,0.4097481231029115,16.89161432123593,17.49253876388627,0.9314621936547639,0.9656836518197072
3,11.0,14.2121952482305,500.5971834115106,0.3600450285723284,17.49754659388312,22.3740292171864,0.897494335032195,0.9504818478767755
4,9.5,14.58237661467372,506.41192046710967,0.43226931485703096,19.63166558576093,22.112720569908056,0.8886119631694008,0.9437674222102631
