,STATION,MAE,MSE,MAPE,MDAPE,RMSE,R2,CORR
0,2.0,22.286576185715052,1350.2921742506846,0.7413131953753872,32.2180408389239,36.7463219145901,0.6507804601855078,0.8494834587478919
1,5.0,14.604095566684613,509.68751857746713,0.3132439124267696,19.250940146037888,22.57626006621706,0.8911312990796842,0.9462020592924012
2,6.0,20.002878459596207,981.0189969516564,0.594575638826265,30.968337331742845,31.321222788257426,0.7277210649728312,0.8965400101585951
3,7.0,11.915322501640235,341.12973523026795,0.29287615030615727,16.032464153088,18.46969775687377,0.930705586565691,0.9666556785797915
4,5.0,17.202218178409026,795.532106252519,0.4855022242336447,24.61744561744816,27.27837563148459,0.8000846027009285,0.9147203016946699
