,STATION,MAE,MSE,MAPE,MDAPE,RMSE,R2,CORR
0,1.0,22.252127777490763,1264.6559829235546,0.6169126867381237,31.87978470894617,35.5620019532584,0.6690360176449297,0.8712636044441834
1,2.0,26.219925937545685,1846.1929108857478,0.8142606709236578,36.669872722616724,42.96734703103914,0.5225280490823583,0.811193580921196
2,6.0,22.856619294668082,1367.267673589376,0.6480720713471471,33.20306412780237,36.97658277328201,0.6205188816742807,0.8673794641142006
3,8.0,18.799865242756802,956.081102036375,0.4616642687052894,24.85306675237669,30.9205611533228,0.7808647292060269,0.8981178392963877
4,4.25,22.532134563115335,1358.5494173587633,0.6352274244285545,31.651447077935487,36.60662322772559,0.6482369194018989,0.8619886221939919
