,STATION,MAE,MSE,MAPE,MDAPE,RMSE,R2,CORR
0,2.0,27.01320860352394,1529.6261404013617,1.1163151182188922,52.50340273332996,39.110435185527685,0.6044001831413928,0.844861018677328
1,5.0,16.321204547601653,575.6983794058241,0.48952547977497096,20.526861904508415,23.993715414787765,0.8770314508333068,0.9381987744206297
2,6.0,25.47827572613642,1256.8609595862597,0.9790694961550278,51.39751227794981,35.452234902559525,0.6511619401696088,0.8830540077147075
3,9.0,13.844670355813777,370.0260650840703,0.5033094257118103,19.61642203550645,19.236061579337655,0.9195131145638579,0.9631240273046282
4,5.5,20.664339808268945,933.0528861193789,0.7720548799651752,36.011049737823654,29.448111770553158,0.7630266721770416,0.9073094570293234
