,STATION,MAE,MSE,MAPE,MDAPE,RMSE,R2,CORR
0,0.0,15.541038165680865,527.3287475992383,0.3661393926344917,19.93535509024133,22.963639685364303,0.885624598059283,0.953792290244878
1,4.0,17.97953855581352,726.9546755290285,0.3948078100887372,21.953646646876095,26.962097016534685,0.8476334706986594,0.9424790586356726
2,7.0,17.73135305504614,727.3072970880332,0.3644109242328019,21.39726940388006,26.968635432443246,0.8522605116666588,0.9438348791407537
3,11.0,18.873754085069255,819.7355965427935,0.3497150291664546,22.516114382304814,28.631025069717527,0.8319537941798232,0.9346544325702687
4,5.5,17.531420965402443,700.3315791897734,0.36876828903062137,21.450596380825573,26.38134930101494,0.8543680936511061,0.9436901651478933
