,STATION,MAE,MSE,MAPE,MDAPE,RMSE,R2,CORR
0,1.0,25.489302566327687,1418.71349762037,0.8136550117771303,37.736266281099574,37.66581338057589,0.6287187382707295,0.8624930633769743
1,2.0,29.84322536158043,1980.129093898824,1.1130672571327378,48.83925771524842,44.49864148374447,0.4878887813088545,0.806876921216127
2,6.0,26.342269737087058,1519.620417243439,0.8863522833575236,45.579984189986476,38.982309029140886,0.5782338261152192,0.8618554005356183
3,8.0,20.778289052032633,1012.020212856149,0.6212366683183657,30.73022049338296,31.812265132432003,0.768043398284041,0.8949297769660487
4,4.25,25.61327167925695,1482.6208054046954,0.8585778051464393,40.72143216992936,38.23975725647331,0.615721185994711,0.8565387905236921
