{"Loss/ Training stdgi loss": 0.004608108976390213, "_timestamp": 1709781045.0817459, "_runtime": 1762.7758648395538, "_step": 23, "_wandb": {"runtime": 2473}}