,STATION,MAE,MSE,MAPE,MDAPE,RMSE,R2,CORR
0,8.0,5.854314174588289,58.62798619212164,3194.3244128471297,33.24497124432923,7.656891418331701,0.37671948118192267,0.6502767160694038
1,12.0,6.9083243058429735,72.27002513501226,6045.043726829683,79.38872452781011,8.50117786750826,-0.23209675895111537,0.6073917038904041
2,13.0,6.653594240734273,66.15206800091497,1.2306341125311029,62.1882214454786,8.133392158313464,-0.014154939500814256,0.6980612639331705
3,14.0,9.810115254721985,118.38537691679474,36178.112298021435,195.28511089210735,10.880504442202794,-0.5888990272908314,0.7502162517175508
4,15.0,7.859031315836013,85.38149638409043,18617.877955668886,88.13727795311073,9.240210840889423,-0.09242260498783939,0.66608542793643
5,12.4,7.417075858344707,80.16339052578681,12807.317805495933,91.6488612125672,8.882435345449128,-0.11017076990973555,0.6744062727093919
