,STATION,MAE,MSE,MAPE,MDAPE,RMSE,R2,CORR
0,8.0,12.040949452762572,194.6503034431322,1143.8467538083692,90.9200726700158,13.951713279849619,-1.0693486165560073,0.6409572401056465
1,12.0,8.655616982841725,107.94873084784602,1945.3748446554916,109.96887385886942,10.389837864367568,-0.8403657832143467,0.5548547488531097
2,13.0,9.41601814147813,124.79634704734221,1.061528278483852,99.46377180867425,11.171228537960461,-0.9132105104857708,0.5957962899043096
3,14.0,5.495552290642252,54.59916220476176,6927.959196263944,89.74520464914296,7.389124589879492,0.26720209896351543,0.7272266517232745
4,15.0,8.224676851636495,105.1336266714297,3368.020096390725,90.92041849846515,10.253469006703522,-0.3451433294582418,0.6309699821355725
5,12.4,8.766562743872235,117.42563404290237,2677.2524838794025,96.20366829703352,10.631074655752133,-0.5801732281501704,0.6299609825443826
