,STATION,MAE,MSE,MAPE,MDAPE,RMSE,R2,CORR
0,8.0,5.644331769372811,57.894628496619255,1785.3298549978583,35.12689659493725,7.608851982830212,0.3845158868683486,0.6449356333926494
1,12.0,5.160186935606181,50.88740280415708,4365.870322033178,46.32305596096236,7.133540691981582,0.13244524338671115,0.5756841258750974
2,13.0,4.991623554585527,44.53438873852957,0.8240814295942195,39.1259579187688,6.673409079213529,0.3172583763185679,0.6488713380019934
3,14.0,6.8169586841304035,68.01638071775248,26078.801976322215,125.5512721889213,8.247204418331856,0.08712406906272008,0.7380610647656537
4,15.0,5.374077370801014,53.026932703302776,12245.258289580073,45.69102584313419,7.281959400003736,0.32154128925467207,0.6556236581736086
5,12.4,5.597435662899188,54.87194669207224,8895.216904872583,58.36364170134478,7.388993114472183,0.24857697297820397,0.6526351640418004
