,STATION,MAE,MSE,MAPE,MDAPE,RMSE,R2,CORR
0,8.0,6.072501794959314,61.43766935247688,3517.8274343046132,34.68395758589495,7.838218506298283,0.34684943290562764,0.6571411803892643
1,12.0,7.776351435493862,86.04522901457287,6977.907332410594,95.41837947588607,9.2760567599909,-0.46694355777525076,0.5786703476059147
2,13.0,7.146179606380833,73.34356894475474,1.3279525957118177,70.09192207504091,8.564085995875727,-0.12440540369671793,0.6998379191274506
3,14.0,10.624249949822655,134.73345728968596,39163.92193155969,217.23185741314293,11.607474199397815,-0.8083133644248475,0.7481785834717606
4,15.0,8.535333521528546,95.23456429828354,19700.999990473545,99.32525275176647,9.758819820976486,-0.2184887267330491,0.6683515873602087
5,12.4,8.030923261637042,90.1588977799548,13872.39692826883,103.35027386034626,9.408931056507843,-0.2542603239448475,0.6704359235909199
