,STATION,MAE,MSE,MAPE,MDAPE,RMSE,R2,CORR
0,8.0,5.847028544004149,65.18613991074301,1987.500209980467,33.55912859926411,8.07379340277809,0.30783426862882757,0.5909663110773943
1,12.0,6.352139078741556,73.08916282305647,6167.370774125957,59.22351020366536,8.549220012554155,-0.24727751235047934,0.525092234567615
2,13.0,5.674998956737568,60.35100494071272,0.973939059312409,41.56490264400841,7.768590923759129,0.0762934670744354,0.6226837275825134
3,14.0,8.062662144250138,93.99989571337281,30731.95479925384,146.98706327837948,9.695354336659017,-0.25938722704964357,0.6888903636522821
4,15.0,6.384823919299674,71.51817134387706,13820.95803915377,56.737971525340136,8.456841688471947,0.08635115905730817,0.6164117142471139
5,12.4,6.464330528606618,72.82887494635241,10541.751552314669,67.6145152501315,8.508760072844467,-0.007237168927910353,0.6088088702253838
