,STATION,MAE,MSE,MAPE,MDAPE,RMSE,R2,CORR
0,97.0,3.1000291049871453,15.42307575039077,0.10103478445150489,7.9976596570228935,3.9272223963497117,0.6267056393733932,0.8736320546996242
1,98.0,3.063289664018693,15.297353808754343,0.09725521261907102,7.424923772039273,3.911183172488134,0.563344752704217,0.8793680797857338
2,134.0,3.672597755395757,25.441600894200175,0.11598035810067574,8.702110972293754,5.043966781631316,0.3757691462439302,0.7535510890901216
3,137.0,3.3299722737929502,17.460950630205367,0.10865025578327984,8.56942600900876,4.178630233725564,0.5767089474232111,0.8910269053073671
4,116.5,3.291472199548637,18.405745270887664,0.10573015273863288,8.17353010259117,4.265250646048681,0.5356321214361879,0.8493945322207117
